N,estado_inicial,parte1,parte2,phi,tiempo_s,estrategia
3,000,[0],[2],0.00000000,0.000964,QNodes-k3
5,00000,"[0, 1, 2]",[4],0.50000000,0.122998,QNodes-k3
10,0000000000,[0],"[2, 3, 4, 5, 6, 7, 8, 9]",2.00000000,14584.026647,QNodes-k3
15,000000000000000,[0],"[2, 3, 4, 5, 6, 7, 8, 9, 10, 11, 12, 13, 14]",2.00000000,279.204988,QNodes-k3
